name,FNN,Same,Sub,target,CO_energy,H_energy,OH_energy
5d83020c30582ea2977a0e3e,{'Ga': 4},{'Ga': 8},{'Ga': 4},0.0,-0.7462728199999923,0.1736913850000029,0.3195200150000483
5d83020c30582ea2977a0e42,{'Ga': 1},{'Ga': 1},{'Ga': 1},0.0,-0.7462728199999923,0.1736913850000029,0.3195200150000483
5d83020c30582ea2977a0e4c,{'Ga': 1},{'Ga': 2},{'Ga': 2},0.0,-0.7462728199999923,0.1736913850000029,0.3195200150000483
5d83020c30582ea2977a0e81,{'Ga': 1},{'Ga': 4},{'Ga': 2},0.0,-0.7462728199999923,0.1736913850000029,0.3195200150000483
5d83020c30582ea2977a0e88,{'Ga': 1},{'Ga': 6},{'Ga': 2},0.0,-0.7462728199999923,0.1736913850000029,0.3195200150000483
5d83020c30582ea2977a0e8d,{'Ga': 2},{'Ga': 5},{'Ga': 4},0.0,-0.7462728199999923,0.1736913850000029,0.3195200150000483
5d83020c30582ea2977a0eab,{'Ga': 1},{'Ga': 2},{'Ga': 3},0.0,-0.7462728199999923,0.1736913850000029,0.3195200150000483
