name,FNN,Same,Sub,target,CO_energy,H_energy,OH_energy
5d83020c30582ea2977a0e3e,{'Ge': 4},{'Ge': 8},{'Ge': 4},0.0,-0.7462728199999923,0.1736913850000029,0.3195200150000483
5d83020c30582ea2977a0e42,{'Ge': 1},{'Ge': 1},{'Ge': 1},0.0,-0.7462728199999923,0.1736913850000029,0.3195200150000483
5d83020c30582ea2977a0e4c,{'Ge': 1},{'Ge': 2},{'Ge': 2},0.0,-0.7462728199999923,0.1736913850000029,0.3195200150000483
5d83020c30582ea2977a0e81,{'Ge': 1},{'Ge': 4},{'Ge': 2},0.0,-0.7462728199999923,0.1736913850000029,0.3195200150000483
5d83020c30582ea2977a0e88,{'Ge': 1},{'Ge': 6},{'Ge': 2},0.0,-0.7462728199999923,0.1736913850000029,0.3195200150000483
5d83020c30582ea2977a0e8d,{'Ge': 2},{'Ge': 5},{'Ge': 4},0.0,-0.7462728199999923,0.1736913850000029,0.3195200150000483
5d83020c30582ea2977a0eab,{'Ge': 1},{'Ge': 2},{'Ge': 3},0.0,-0.7462728199999923,0.1736913850000029,0.3195200150000483
