name,FNN,Same,Sub,target,CO_energy,H_energy,OH_energy
5d83020c30582ea2977a0e3e,{'Pb': 4},{'Pb': 8},{'Pb': 4},0.0,-0.7462728199999923,0.1736913850000029,0.3195200150000483
5d83020c30582ea2977a0e42,{'Pb': 1},{'Pb': 1},{'Pb': 1},0.0,-0.7462728199999923,0.1736913850000029,0.3195200150000483
5d83020c30582ea2977a0e4c,{'Pb': 1},{'Pb': 2},{'Pb': 2},0.0,-0.7462728199999923,0.1736913850000029,0.3195200150000483
5d83020c30582ea2977a0e81,{'Pb': 1},{'Pb': 4},{'Pb': 2},0.0,-0.7462728199999923,0.1736913850000029,0.3195200150000483
5d83020c30582ea2977a0e88,{'Pb': 1},{'Pb': 6},{'Pb': 2},0.0,-0.7462728199999923,0.1736913850000029,0.3195200150000483
5d83020c30582ea2977a0e8d,{'Pb': 2},{'Pb': 5},{'Pb': 4},0.0,-0.7462728199999923,0.1736913850000029,0.3195200150000483
5d83020c30582ea2977a0eab,{'Pb': 1},{'Pb': 2},{'Pb': 3},0.0,-0.7462728199999923,0.1736913850000029,0.3195200150000483
