name,FNN,Same,Sub,target,CO_energy,H_energy,OH_energy
5d83020c30582ea2977a0e3e,{'Rh': 4},{'Rh': 8},{'Rh': 4},0.0,-0.7462728199999923,0.1736913850000029,0.3195200150000483
5d83020c30582ea2977a0e42,{'Rh': 1},{'Rh': 1},{'Rh': 1},0.0,-0.7462728199999923,0.1736913850000029,0.3195200150000483
5d83020c30582ea2977a0e4c,{'Rh': 1},{'Rh': 2},{'Rh': 2},0.0,-0.7462728199999923,0.1736913850000029,0.3195200150000483
5d83020c30582ea2977a0e81,{'Rh': 1},{'Rh': 4},{'Rh': 2},0.0,-0.7462728199999923,0.1736913850000029,0.3195200150000483
5d83020c30582ea2977a0e88,{'Rh': 1},{'Rh': 6},{'Rh': 2},0.0,-0.7462728199999923,0.1736913850000029,0.3195200150000483
5d83020c30582ea2977a0e8d,{'Rh': 2},{'Rh': 5},{'Rh': 4},0.0,-0.7462728199999923,0.1736913850000029,0.3195200150000483
5d83020c30582ea2977a0eab,{'Rh': 1},{'Rh': 2},{'Rh': 3},0.0,-0.7462728199999923,0.1736913850000029,0.3195200150000483
