name,FNN,Same,Sub,target,CO_energy,H_energy,OH_energy
5d83020c30582ea2977a0e3e,{'Ru': 4},{'Ru': 8},{'Ru': 4},0.0,-0.7462728199999923,0.1736913850000029,0.3195200150000483
5d83020c30582ea2977a0e42,{'Ru': 1},{'Ru': 1},{'Ru': 1},0.0,-0.7462728199999923,0.1736913850000029,0.3195200150000483
5d83020c30582ea2977a0e4c,{'Ru': 1},{'Ru': 2},{'Ru': 2},0.0,-0.7462728199999923,0.1736913850000029,0.3195200150000483
5d83020c30582ea2977a0e81,{'Ru': 1},{'Ru': 4},{'Ru': 2},0.0,-0.7462728199999923,0.1736913850000029,0.3195200150000483
5d83020c30582ea2977a0e88,{'Ru': 1},{'Ru': 6},{'Ru': 2},0.0,-0.7462728199999923,0.1736913850000029,0.3195200150000483
5d83020c30582ea2977a0e8d,{'Ru': 2},{'Ru': 5},{'Ru': 4},0.0,-0.7462728199999923,0.1736913850000029,0.3195200150000483
5d83020c30582ea2977a0eab,{'Ru': 1},{'Ru': 2},{'Ru': 3},0.0,-0.7462728199999923,0.1736913850000029,0.3195200150000483
