name,FNN,Same,Sub,target,CO_energy,H_energy,OH_energy
5d83020c30582ea2977a0e3e,{'Sb': 4},{'Sb': 8},{'Sb': 4},0.0,-0.7462728199999923,0.1736913850000029,0.3195200150000483
5d83020c30582ea2977a0e42,{'Sb': 1},{'Sb': 1},{'Sb': 1},0.0,-0.7462728199999923,0.1736913850000029,0.3195200150000483
5d83020c30582ea2977a0e4c,{'Sb': 1},{'Sb': 2},{'Sb': 2},0.0,-0.7462728199999923,0.1736913850000029,0.3195200150000483
5d83020c30582ea2977a0e81,{'Sb': 1},{'Sb': 4},{'Sb': 2},0.0,-0.7462728199999923,0.1736913850000029,0.3195200150000483
5d83020c30582ea2977a0e88,{'Sb': 1},{'Sb': 6},{'Sb': 2},0.0,-0.7462728199999923,0.1736913850000029,0.3195200150000483
5d83020c30582ea2977a0e8d,{'Sb': 2},{'Sb': 5},{'Sb': 4},0.0,-0.7462728199999923,0.1736913850000029,0.3195200150000483
5d83020c30582ea2977a0eab,{'Sb': 1},{'Sb': 2},{'Sb': 3},0.0,-0.7462728199999923,0.1736913850000029,0.3195200150000483
