name,FNN,Same,Sub,target,CO_energy,H_energy,OH_energy
5d83020c30582ea2977a0e3e,{'Sn': 4},{'Sn': 8},{'Sn': 4},0.0,-0.7462728199999923,0.1736913850000029,0.3195200150000483
5d83020c30582ea2977a0e42,{'Sn': 1},{'Sn': 1},{'Sn': 1},0.0,-0.7462728199999923,0.1736913850000029,0.3195200150000483
5d83020c30582ea2977a0e4c,{'Sn': 1},{'Sn': 2},{'Sn': 2},0.0,-0.7462728199999923,0.1736913850000029,0.3195200150000483
5d83020c30582ea2977a0e81,{'Sn': 1},{'Sn': 4},{'Sn': 2},0.0,-0.7462728199999923,0.1736913850000029,0.3195200150000483
5d83020c30582ea2977a0e88,{'Sn': 1},{'Sn': 6},{'Sn': 2},0.0,-0.7462728199999923,0.1736913850000029,0.3195200150000483
5d83020c30582ea2977a0e8d,{'Sn': 2},{'Sn': 5},{'Sn': 4},0.0,-0.7462728199999923,0.1736913850000029,0.3195200150000483
5d83020c30582ea2977a0eab,{'Sn': 1},{'Sn': 2},{'Sn': 3},0.0,-0.7462728199999923,0.1736913850000029,0.3195200150000483
